Date,National Holiday,Special Day
2011-09-05,Labor Day,
2011-09-11,,Patriot Day
2011-09-29,,Rosh Hashana
2011-10-08,,Yom Kippur
2011-10-10,Columbus Day,
2011-10-31,,Halloween Day
2011-11-11,Veterans Day,
2011-11-24,Thanksgiving,
2011-11-25,,Black Friday
2011-12-24,,Christmas Eve
2011-12-25,Christmas Day,
2011-12-26,Christmas Day observed,
2012-01-01,New Years Day,
2012-01-02,New Years Day observed,
2012-01-16,Martin Luther King Day,
2012-02-14,,Valentines Day
2012-02-20,Presidents Day,
2012-03-17,,St Patrick's Day
2012-04-06,,Good Friday
2012-04-08,,Easter
2012-05-13,,Mothers Day
2012-05-28,Memorial Day,
2012-06-17,,Fathers Day
2012-07-04,Independance Day,
2012-09-03,Labor Day,
2012-09-11,,Patriot Day
2012-09-17,,Rosh Hashana
2012-09-26,,Yom Kippur
2012-10-08,Columbus Day,
2012-10-31,,Halloween Day
2012-11-06,,Election Day
2012-11-11,Veterans Day,
2012-11-22,Thanksgiving,
2012-11-23,,Black Friday
2012-12-24,,Christmas Eve
2012-12-25,Christmas Day,
2013-01-01,New Year's Day,
2013-01-20,,Inauguration Day
2013-01-21,Martin Luther King Day,
2013-02-14,,Valentines Day
2013-02-18,Presidents Day,
